[
    {
        "id": 0,
        "name": "Item 0",
        "price": "$0",
		"action": "<button class='btn btn-success' onclick=\"alert('Hello World')\">Edit</span>"
    },
    {
        "id": 1,
        "name": "Item 1",
        "price": "$1",
		"action": "<span class='btn btn-success'>Edit</span>"
    },
    {
        "id": 2,
        "name": "Item 2",
        "price": "$2",
		"action": "<span class='btn btn-success'>Edit</span>"
    },
    {
        "id": 3,
        "name": "Item 3",
        "price": "$3",
		"action": "<span class='btn btn-success'>Edit</span>"
    }
]